{
  "name": "Dactyl Manuform (5x6)",
  "vendorId": "0x444D",
  "productId": "0x3536",
  "matrix": {"rows": 12, "cols": 6},
  "layouts": {
    "keymap": [
      [
        {
          "x": 3
        },
        "0,3",
        {
          "x": 6.5
        },
        "6,2"
      ],
      [
        {
          "y": -0.87,
          "x": 2
        },
        "0,2",
        {
          "x": 1
        },
        "0,4",
        {
          "x": 4.5
        },
        "6,1",
        {
          "x": 1
        },
        "6,3"
      ],
      [
        {
          "y": -0.8799999999999999,
          "x": 5
        },
        "0,5",
        {
          "x": 2.5
        },
        "6,0"
      ],
      [
        {
          "y": -0.875
        },
        "0,0"
      ],
      [
        {
          "y": -0.995,
          "x": 1
        },
        "0,1",
        {
          "x": 10.5
        },
        "6,4",
        "6,5"
      ],
      [
        {
          "y": -0.3799999999999999,
          "x": 3
        },
        "1,3",
        {
          "x": 6.5
        },
        "7,2"
      ],
      [
        {
          "y": -0.8700000000000001,
          "x": 2
        },
        "1,2",
        {
          "x": 1
        },
        "1,4",
        {
          "x": 4.5
        },
        "7,1",
        {
          "x": 1
        },
        "7,3"
      ],
      [
        {
          "y": -0.8799999999999999,
          "x": 5
        },
        "1,5",
        {
          "x": 2.5
        },
        "7,0"
      ],
      [
        {
          "y": -0.875
        },
        "1,0"
      ],
      [
        {
          "y": -0.9950000000000001,
          "x": 1
        },
        "1,1",
        {
          "x": 10.5
        },
        "7,4",
        "7,5"
      ],
      [
        {
          "y": -0.3799999999999999,
          "x": 3
        },
        "2,3",
        {
          "x": 6.5
        },
        "8,2"
      ],
      [
        {
          "y": -0.8700000000000001,
          "x": 2
        },
        "2,2",
        {
          "x": 1
        },
        "2,4",
        {
          "x": 4.5
        },
        "8,1",
        {
          "x": 1
        },
        "8,3"
      ],
      [
        {
          "y": -0.8799999999999999,
          "x": 5
        },
        "2,5",
        {
          "x": 2.5
        },
        "8,0"
      ],
      [
        {
          "y": -0.875
        },
        "2,0"
      ],
      [
        {
          "y": -0.9950000000000001,
          "x": 1
        },
        "2,1",
        {
          "x": 10.5
        },
        "8,4",
        "8,5"
      ],
      [
        {
          "y": -0.3799999999999999,
          "x": 3
        },
        "3,3",
        {
          "x": 6.5
        },
        "9,2"
      ],
      [
        {
          "y": -0.8700000000000001,
          "x": 2
        },
        "3,2",
        {
          "x": 1
        },
        "3,4",
        {
          "x": 4.5
        },
        "9,1",
        {
          "x": 1
        },
        "9,3"
      ],
      [
        {
          "y": -0.8799999999999999,
          "x": 5
        },
        "3,5",
        {
          "x": 2.5
        },
        "9,0"
      ],
      [
        {
          "y": -0.875
        },
        "3,0"
      ],
      [
        {
          "y": -0.9950000000000001,
          "x": 1
        },
        "3,1",
        {
          "x": 10.5
        },
        "9,4",
        "9,5"
      ],
      [
        {
          "y": -0.3799999999999999,
          "x": 3
        },
        "4,3",
        {
          "x": 6.5
        },
        "10,2"
      ],
      [
        {
          "y": -0.8700000000000001,
          "x": 2
        },
        "4,2",
        {
          "x": 8.5
        },
        "10,3"
      ],
      [
        {
          "r": 30,
          "rx": 5,
          "ry": 4.5,
          "y": 0.75
        },
        "4,4",
        "4,5"
      ],
      [
        {
          "y": 0.25,
          "x": 1.25
        },
        "5,5",
        "5,3"
      ],
      [
        {
          "x": 1.25
        },
        "5,4",
        "5,2"
      ],
      [
        {
          "r": -30,
          "rx": 11.5,
          "x": -3.75
        },
        "10,0",
        "10,1"
      ],
      [
        {
          "y": 0.25,
          "x": -4.75
        },
        "11,2",
        "11,0"
      ],
      [
        {
          "x": -4.75
        },
        "11,3",
        "11,1"
      ]
    ]
  }
}